# Sonoff Dual R3, 4 MB flash.
# The table sits at 0x10000; nvs, otadata and phy_init follow it, and the first app partition starts on
# the next 64K boundary, 0x20000 - 128K before factory, not 96K. So vfs takes what is left to the end of
# the flash: factory 0x20000-0x140000, ota_0 0x140000-0x320000, vfs 0x320000-0x400000.
# Name,   Type, SubType, Offset,  Size, Flags
nvs,      data, nvs,     ,        0x4000,
otadata,  data, ota,     ,        0x2000,
phy_init, data, phy,     ,        0x1000,
factory,  app,  factory, ,        1152K,
ota_0,    app,  ota_0,   ,        1920K,
vfs,      data, fat,     ,        896K,
